county_name,median_hh_income,total_population,pop_white_non_hispanic,pop_hispanic_any_race,pop_black_non_hispanic,housing_units_total,housing_units_owner_occupied,commuters_total,commuters_drove_alone,hh_income_total,hh_income_under_10k,hh_income_10k_to_14999,hh_income_15k_to_19999,hh_income_20k_to_24999,hh_income_25k_to_29999,hh_income_30k_to_34999,hh_income_35k_to_39999,hh_income_40k_to_44999,hh_income_45k_to_49999,hh_income_50k_to_59999,hh_income_60k_to_74999,hh_income_75k_to_99999,hh_income_100k_to_124999,hh_income_125k_to_149999,hh_income_150k_to_199999,hh_income_200k_and_over,state_fips,county_fips,share_under_150k
"Alameda County, California",129367,1649473,452099,386114,154136,598246,325509,837261,509744,598246.0,24647.0,16304.0,11029.0,13365.0,10766.0,11399.0,12100.0,12825.0,11843.0,23478.0,35075.0,56169.0,51989.0,44182.0,70712.0,192363.0,06,001,0.5602561488083497
"Alpine County, California",105521,1616,923,216,0,435,340,800,609,435.0,15.0,14.0,12.0,11.0,18.0,31.0,2.0,2.0,13.0,6.0,50.0,20.0,60.0,26.0,79.0,76.0,06,003,0.6436781609195402
"Amador County, California",88044,41428,30083,6634,790,16091,12941,15901,13086,16091.0,1010.0,519.0,196.0,455.0,471.0,297.0,281.0,556.0,543.0,1228.0,1293.0,2508.0,1639.0,1441.0,1962.0,1692.0,06,005,0.7729165371947051
"Butte County, California",67928,207929,135400,41660,3628,83312,47717,90412,73514,83312.0,4994.0,3159.0,3923.0,3954.0,3448.0,3666.0,2928.0,3409.0,2736.0,5463.0,7183.0,10137.0,7915.0,4973.0,6743.0,8681.0,06,007,0.8148646053389668
"Calaveras County, California",78647,46248,35337,6702,457,18437,15480,18264,14474,18437.0,896.0,438.0,815.0,505.0,545.0,895.0,549.0,613.0,468.0,1335.0,1922.0,2178.0,1409.0,1783.0,1570.0,2516.0,06,009,0.7783804306557466
"Colusa County, California",75672,21984,6550,13832,335,7512,4674,9163,8451,7512.0,588.0,251.0,272.0,393.0,182.0,301.0,159.0,332.0,192.0,347.0,707.0,1313.0,571.0,509.0,612.0,783.0,06,011,0.814297124600639
"Contra Costa County, California",127229,1165012,443990,321749,92564,414417,281819,551854,384707,414417.0,14089.0,7888.0,7065.0,7152.0,7934.0,8307.0,8635.0,8695.0,7558.0,17740.0,27138.0,42542.0,39249.0,33049.0,55549.0,121827.0,06,013,0.571986670430991
"Del Norte County, California",67058,27107,16229,5396,682,9522,6673,9743,8489,9522.0,339.0,528.0,605.0,340.0,360.0,447.0,336.0,288.0,321.0,792.0,780.0,1146.0,1100.0,591.0,1022.0,527.0,06,015,0.8373240915773997
"El Dorado County, California",108845,192662,140820,27892,1481,76185,58844,86589,63191,76185.0,2484.0,1241.0,2024.0,2104.0,1329.0,2276.0,1756.0,1810.0,2105.0,3399.0,5883.0,8810.0,7710.0,6923.0,8522.0,17809.0,06,017,0.6543807836188226
"Fresno County, California",74201,1016725,266873,554390,42390,324702,180371,419664,357420,324702.0,19844.0,13403.0,10658.0,11733.0,11589.0,11555.0,12008.0,10880.0,10881.0,21608.0,29887.0,41962.0,31448.0,24135.0,28292.0,34819.0,06,019,0.8056340891032393
"Glenn County, California",67139,28494,13525,12820,62,9810,6002,11965,10600,9810.0,481.0,333.0,546.0,362.0,367.0,539.0,312.0,324.0,546.0,604.0,1066.0,1209.0,1081.0,678.0,839.0,523.0,06,021,0.8611620795107033
"Humboldt County, California",61160,134541,93515,19039,1737,54922,31053,56342,44459,54922.0,3907.0,2369.0,2117.0,2522.0,2289.0,2764.0,2729.0,2188.0,2063.0,3879.0,5788.0,6113.0,4599.0,3306.0,3978.0,4311.0,06,023,0.8490768726557664
"Imperial County, California",57681,180202,16413,154886,3523,49644,28210,60888,53472,49644.0,3572.0,2097.0,2596.0,2887.0,2509.0,1800.0,2078.0,2201.0,2026.0,3963.0,4471.0,5585.0,4419.0,3322.0,3316.0,2802.0,06,025,0.8767625493513819
"Inyo County, California",73991,18739,10874,4529,98,8040,5339,8346,6576,8040.0,461.0,475.0,237.0,258.0,198.0,317.0,314.0,307.0,248.0,496.0,776.0,1042.0,835.0,643.0,556.0,877.0,06,027,0.8217661691542288
"Kern County, California",70210,915075,270456,516662,43987,284931,171133,356584,320218,284931.0,15398.0,12488.0,9726.0,10997.0,12233.0,10976.0,11995.0,10961.0,10195.0,19172.0,26804.0,35283.0,30327.0,18880.0,24892.0,24604.0,06,029,0.826287767915741
"Kings County, California",70995,153298,42981,89248,8907,44052,23870,57785,52351,44052.0,2450.0,1269.0,1190.0,1527.0,1428.0,1676.0,1400.0,1941.0,2317.0,3082.0,5046.0,5958.0,4972.0,3238.0,3511.0,3047.0,06,031,0.8511304821574502
"Lake County, California",60621,68152,43638,16796,1335,26940,19441,24224,19556,26940.0,1615.0,1473.0,1379.0,1208.0,1099.0,1134.0,1160.0,1149.0,876.0,2189.0,3012.0,2572.0,2398.0,1467.0,2029.0,2180.0,06,033,0.8437639198218263
"Lassen County, California",67403,30356,18609,6851,1855,9247,6305,9432,8242,9247.0,567.0,353.0,400.0,312.0,401.0,325.0,462.0,398.0,215.0,709.0,927.0,1294.0,1160.0,550.0,681.0,493.0,06,035,0.8730399048340002
"Los Angeles County, California",90112,9808667,2425184,4752274,727132,3416449,1567983,4687090,3472368,3416449.0,179099.0,123891.0,90748.0,103537.0,99758.0,100144.0,98445.0,101479.0,96726.0,185039.0,280702.0,405321.0,339997.0,255801.0,358426.0,597336.0,06,037,0.720246958172067
"Madera County, California",76627,160940,48195,98083,3926,45379,30613,60117,50165,45379.0,2383.0,1503.0,1534.0,1675.0,1290.0,1689.0,1491.0,1521.0,2060.0,2775.0,4343.0,6761.0,4775.0,2982.0,3974.0,4623.0,06,039,0.8105511359880121
"Marin County, California",149091,257969,167816,50216,5379,103018,66616,122873,72354,103018.0,3385.0,1975.0,1681.0,1484.0,1795.0,2248.0,1954.0,1855.0,1721.0,4352.0,5800.0,9198.0,7682.0,6610.0,11173.0,40105.0,06,041,0.5022423265837038
"Mariposa County, California",68412,17082,12649,2508,154,7508,5611,7435,5602,7508.0,250.0,517.0,226.0,308.0,358.0,298.0,301.0,234.0,189.0,589.0,794.0,843.0,661.0,693.0,574.0,673.0,06,043,0.8339104954714971
"Mendocino County, California",68092,90244,55170,24941,546,34842,21500,36548,29574,34842.0,1866.0,1815.0,1556.0,1383.0,1360.0,1161.0,1164.0,1416.0,1237.0,2510.0,3399.0,4096.0,3209.0,2611.0,3140.0,2919.0,06,045,0.8261006830836347
"Merced County, California",65510,290201,67325,183933,7455,86055,46474,111073,96136,86055.0,5756.0,3481.0,2907.0,3814.0,3374.0,3730.0,3464.0,2760.0,3359.0,6633.0,9308.0,11499.0,7873.0,5649.0,6243.0,6205.0,06,047,0.8553483237464412
"Modoc County, California",59455,8600,6430,1348,49,3267,2530,3122,2449,3267.0,189.0,70.0,131.0,234.0,79.0,85.0,228.0,195.0,172.0,259.0,451.0,370.0,352.0,140.0,144.0,168.0,06,049,0.9044995408631772
"Mono County, California",99415,13148,8538,3568,9,5744,3758,7626,5216,5744.0,172.0,101.0,83.0,217.0,46.0,264.0,80.0,203.0,140.0,242.0,730.0,627.0,752.0,655.0,393.0,1039.0,06,051,0.7506963788300836
"Monterey County, California",97230,437613,117547,269490,8954,132489,68993,188150,150797,132489.0,4670.0,3143.0,2532.0,3582.0,3189.0,3731.0,3417.0,4078.0,3887.0,7511.0,10741.0,17712.0,15463.0,11844.0,14797.0,22192.0,06,053,0.7208145581897365
"Napa County, California",111471,134869,65479,49046,2292,49763,31555,65795,52339,49763.0,1705.0,969.0,790.0,1108.0,1196.0,1373.0,1372.0,1041.0,1175.0,2815.0,3253.0,5634.0,4788.0,4019.0,6499.0,12026.0,06,055,0.6277354661093584
"Nevada County, California",89882,102481,82674,11001,312,42865,32342,43269,29950,42865.0,2501.0,1191.0,1211.0,1380.0,1234.0,1426.0,1133.0,1021.0,1181.0,2305.0,3695.0,5102.0,4521.0,3258.0,4416.0,7290.0,06,057,0.7269100664878105
"Orange County, California",116289,3165820,1168199,1082931,47885,1082960,610659,1565842,1196833,1082960.0,43948.0,24117.0,18023.0,23423.0,21744.0,22741.0,23896.0,25318.0,23046.0,47860.0,73248.0,119041.0,113376.0,88738.0,138983.0,275458.0,06,059,0.617307195094925
"Placer County, California",115998,419156,274564,65841,6553,157954,118103,192652,142258,157954.0,5810.0,2772.0,2645.0,3928.0,3122.0,3155.0,3883.0,3408.0,3531.0,7172.0,11135.0,17990.0,16334.0,13755.0,20809.0,38505.0,06,061,0.6244856097344796
"Plumas County, California",66031,19423,15700,1998,187,8054,6006,6779,5876,8054.0,424.0,283.0,366.0,282.0,338.0,116.0,387.0,598.0,320.0,519.0,811.0,856.0,1086.0,384.0,465.0,819.0,06,063,0.8405761112490688
"Riverside County, California",93074,2478600,767384,1270563,149713,775335,535986,1087103,917110,775335.0,30827.0,18772.0,19210.0,21125.0,21491.0,23121.0,21458.0,23719.0,22454.0,44162.0,66681.0,99672.0,87607.0,65397.0,94622.0,115017.0,06,065,0.7296149406385627
"Sacramento County, California",92175,1594006,646578,385590,143271,571057,337066,731947,551978,571057.0,25848.0,17118.0,13932.0,15669.0,14010.0,15404.0,16534.0,15540.0,17403.0,31559.0,50306.0,75392.0,63290.0,48676.0,65243.0,85133.0,06,067,0.736670770168302
"San Benito County, California",114394,67290,19629,41960,542,20561,13970,31798,26988,20561.0,585.0,443.0,350.0,253.0,184.0,361.0,367.0,452.0,494.0,1117.0,1419.0,2664.0,2488.0,2033.0,2866.0,4485.0,06,069,0.6424784786732163
"San Bernardino County, California",85478,2197104,541724,1213014,163815,674915,418836,960759,819351,674915.0,28965.0,20487.0,17038.0,20641.0,20896.0,20287.0,23264.0,21424.0,21683.0,39176.0,62314.0,90983.0,75603.0,55950.0,76610.0,79594.0,06,071,0.7685575220583333
"San Diego County, California",106268,3288774,1394708,1139063,143223,1171278,639138,1635987,1209600,1171278.0,45943.0,26679.0,23647.0,28474.0,27834.0,28654.0,28674.0,29049.0,29634.0,54684.0,91584.0,138344.0,123268.0,96856.0,149552.0,248402.0,06,073,0.6602394990770765
"San Francisco County, California",140970,830235,305647,134659,38925,363970,139057,466388,161186,363970.0,17200.0,15436.0,9043.0,7985.0,7042.0,7466.0,5111.0,6798.0,7025.0,11098.0,17690.0,29441.0,26785.0,22267.0,40910.0,132673.0,06,075,0.5230843201362749
"San Joaquin County, California",92179,797334,213729,339161,52516,245250,152030,337508,290164,245250.0,10374.0,7109.0,5717.0,6262.0,6612.0,7168.0,6937.0,7170.0,6610.0,14753.0,20247.0,32822.0,27379.0,21151.0,29380.0,35559.0,06,077,0.7352130479102956
"San Luis Obispo County, California",97446,281555,181605,70318,3058,109503,67986,126611,99018,109503.0,4688.0,2892.0,3189.0,2992.0,2415.0,2875.0,3163.0,2921.0,3280.0,5327.0,9149.0,13114.0,12461.0,8761.0,13179.0,19097.0,06,079,0.7052500844725715
"San Mateo County, California",158855,742340,257595,184940,14709,264419,154607,384595,251447,264419.0,7358.0,4272.0,3231.0,3784.0,4196.0,3757.0,4353.0,5577.0,4381.0,8797.0,14277.0,22305.0,19598.0,20317.0,32583.0,105633.0,06,081,0.47728415885394015
"Santa Barbara County, California",98161,443701,180184,213992,6693,149608,78344,201783,154173,149608.0,6672.0,4358.0,3862.0,3901.0,3868.0,3932.0,3760.0,4108.0,4424.0,7987.0,12164.0,16912.0,14813.0,11944.0,16945.0,29958.0,06,083,0.6864940377519919
"Santa Clara County, California",164281,1902047,517612,475827,41721,659353,363147,970790,668502,659353.0,19396.0,11782.0,8688.0,10948.0,10617.0,9311.0,9483.0,10291.0,10314.0,21733.0,30200.0,54617.0,51926.0,44390.0,81469.0,274188.0,06,085,0.4605969791598734
"Santa Cruz County, California",111093,264926,142831,93346,1912,96898,58079,125770,88458,96898.0,4066.0,2607.0,2019.0,2579.0,2164.0,2023.0,2164.0,2246.0,2243.0,4321.0,6619.0,11163.0,9578.0,7341.0,11531.0,24234.0,06,087,0.6309005345827571
"Shasta County, California",72636,181436,136633,21346,1502,71232,46694,74793,64369,71232.0,3521.0,3037.0,2403.0,2881.0,2635.0,2877.0,2400.0,2648.0,2496.0,4682.0,6974.0,9900.0,6849.0,4674.0,5971.0,7284.0,06,089,0.813917902066487
"Sierra County, California",63355,2746,2362,301,8,1219,879,1086,839,1219.0,19.0,61.0,92.0,92.0,37.0,55.0,13.0,55.0,32.0,147.0,102.0,203.0,100.0,44.0,44.0,123.0,06,091,0.8630024610336341
"Siskiyou County, California",59095,43466,31859,5860,579,19079,13203,16184,13439,19079.0,1266.0,964.0,1056.0,813.0,906.0,807.0,816.0,829.0,677.0,1492.0,2156.0,2146.0,1569.0,1196.0,1290.0,1096.0,06,093,0.8749410346454217
"Solano County, California",100401,451918,150061,133953,55694,157512,99263,204574,170739,157512.0,6865.0,3753.0,2828.0,3620.0,3881.0,3587.0,3882.0,3816.0,4429.0,8949.0,12544.0,20320.0,17684.0,13730.0,20022.0,27602.0,06,095,0.6976484331352532
"Sonoma County, California",104674,485040,280966,145518,7185,190998,119598,237164,186723,190998.0,7298.0,4554.0,3290.0,4143.0,4451.0,4077.0,4704.0,5064.0,4699.0,10423.0,15129.0,23121.0,20464.0,15746.0,24367.0,39468.0,06,097,0.6657818406475461
"Stanislaus County, California",81468,553990,200834,277207,14369,177874,108828,233227,205203,177874.0,7820.0,6035.0,4851.0,5406.0,5227.0,4760.0,6224.0,6778.0,5609.0,12389.0,16853.0,24225.0,19548.0,15387.0,16618.0,20144.0,06,099,0.7933256125122278
"Sutter County, California",79704,98857,40226,32532,1573,33292,20417,41859,37389,33292.0,1387.0,1401.0,990.0,704.0,1011.0,1301.0,1010.0,1027.0,1389.0,2456.0,3207.0,4130.0,3694.0,2524.0,3234.0,3827.0,06,101,0.7879070046858104
"Tehama County, California",63784,65167,40017,18941,531,24788,16640,25059,21688,24788.0,1208.0,1293.0,1013.0,605.0,1241.0,1078.0,1161.0,1360.0,937.0,1838.0,2223.0,3421.0,2168.0,1810.0,1668.0,1764.0,06,103,0.8615459093109569
"Trinity County, California",53002,15860,12274,973,173,5585,4006,5164,3747,5585.0,475.0,309.0,306.0,331.0,234.0,260.0,298.0,184.0,347.0,287.0,464.0,864.0,454.0,114.0,234.0,424.0,06,105,0.8821844225604297
"Tulare County, California",71300,478693,121847,318976,6258,143195,83701,189030,171851,143195.0,6490.0,5330.0,4531.0,4320.0,6430.0,4950.0,5723.0,5003.0,6780.0,10679.0,15346.0,19732.0,14336.0,10545.0,10841.0,12159.0,06,107,0.8393798666154545
"Tuolumne County, California",77404,54498,42487,7398,971,22690,16771,20077,16797,22690.0,726.0,970.0,1052.0,494.0,793.0,730.0,633.0,794.0,779.0,1671.0,2403.0,2888.0,2236.0,2076.0,2022.0,2423.0,06,109,0.8040987219039224
"Ventura County, California",109797,837469,351308,371359,13835,280360,181039,400814,322474,280360.0,9971.0,5290.0,5153.0,5347.0,6144.0,6542.0,6930.0,7881.0,6844.0,13824.0,20928.0,32508.0,29479.0,24815.0,36998.0,61706.0,06,111,0.647938364959338
"Yolo County, California",91752,220564,92161,73569,5323,76693,41637,102474,71024,76693.0,5706.0,2659.0,1874.0,1960.0,2661.0,2275.0,1660.0,1940.0,1674.0,4079.0,6764.0,7903.0,7351.0,6285.0,8151.0,13751.0,06,113,0.7144198297106646
"Yuba County, California",76373,84507,41396,26003,3196,28635,18182,35801,31762,28635.0,1310.0,901.0,868.0,1354.0,970.0,954.0,1100.0,803.0,871.0,1969.0,3022.0,4003.0,3457.0,1950.0,2748.0,2355.0,06,115,0.8217915138816134
